City_ID,City,Country,Lat,Lng,Max Temp,Humidity,Cloudiness,Wind Speed,Current Description,Date
0,Maarianhamina,AX,60.0973,19.9348,39.2,70,40,11.5,scattered clouds,2021-05-07 15:17:42
1,Hasaki,JP,35.7333,140.8333,59.0,100,75,3.44,mist,2021-05-07 15:17:59
2,Mecca,SA,21.4267,39.8261,96.57,29,2,11.99,clear sky,2021-05-07 15:18:00
3,Haines Junction,CA,60.7522,-137.5108,30.2,93,87,2.3,overcast clouds,2021-05-07 15:18:00
4,Lebu,CL,-37.6167,-73.65,56.68,67,100,2.73,overcast clouds,2021-05-07 15:18:00
5,Dikson,RU,73.5069,80.5464,25.97,91,49,15.41,scattered clouds,2021-05-07 15:18:01
6,Rikitea,PF,-23.1203,-134.9692,78.12,77,80,13.94,broken clouds,2021-05-07 15:18:01
7,Severo-Kurilsk,RU,50.6789,156.125,37.56,90,45,7.63,scattered clouds,2021-05-07 15:18:01
8,Barrow,US,71.2906,-156.7887,8.6,92,90,9.22,mist,2021-05-07 15:15:04
9,Ravar,IR,31.2656,56.8055,77.27,35,64,23.73,broken clouds,2021-05-07 15:18:02
10,Champerico,GT,14.3,-91.9167,80.6,83,40,6.91,scattered clouds,2021-05-07 15:18:02
11,Cape Town,ZA,-33.9258,18.4232,64.0,82,90,12.66,light rain,2021-05-07 15:18:02
12,Mangai,CD,-4.05,19.5333,84.0,57,53,3.69,broken clouds,2021-05-07 15:18:03
13,San Jose,US,37.3394,-121.895,55.0,71,20,5.75,few clouds,2021-05-07 15:14:27
14,Port Hedland,AU,-20.3167,118.5667,77.0,78,35,6.91,scattered clouds,2021-05-07 15:18:03
15,Port Alfred,ZA,-33.5906,26.891,69.19,82,67,7.52,moderate rain,2021-05-07 15:18:03
16,Busselton,AU,-33.65,115.3333,53.01,97,99,1.01,overcast clouds,2021-05-07 15:18:04
17,Mildura,AU,-34.2,142.15,55.4,50,40,2.3,scattered clouds,2021-05-07 15:18:04
18,Bluff,NZ,-46.6,168.3333,42.01,97,100,1.01,overcast clouds,2021-05-07 15:18:04
19,Luanda,AO,-8.8368,13.2343,84.2,74,40,9.22,scattered clouds,2021-05-07 15:14:43
20,Saint-Philippe,RE,-21.3585,55.7679,73.4,68,20,10.36,few clouds,2021-05-07 15:18:04
21,Vaini,TO,-21.2,-175.2,75.2,83,75,12.66,broken clouds,2021-05-07 15:18:05
22,Kruisfontein,ZA,-34.0033,24.7314,64.0,78,0,1.99,clear sky,2021-05-07 15:18:05
23,Solomenskoye,RU,44.2167,44.3528,67.51,54,57,3.22,broken clouds,2021-05-07 15:18:05
24,Atuona,PF,-9.8,-139.0333,80.15,72,27,21.65,light rain,2021-05-07 15:18:06
25,Husavik,IS,66.0449,-17.3389,35.6,60,75,14.97,broken clouds,2021-05-07 15:18:06
26,Svetlaya,RU,46.5389,138.3297,40.59,96,100,10.89,overcast clouds,2021-05-07 15:18:06
27,Saskylakh,RU,71.9167,114.0833,13.78,99,88,5.17,overcast clouds,2021-05-07 15:18:06
28,Landerneau,FR,48.4525,-4.2525,53.6,66,90,12.66,moderate rain,2021-05-07 15:18:07
29,Chuy,UY,-33.6971,-53.4616,60.13,64,97,8.52,overcast clouds,2021-05-07 15:18:07
30,Hithadhoo,MV,-0.6,73.0833,85.48,70,40,6.96,scattered clouds,2021-05-07 15:18:07
31,Tasiilaq,GL,65.6145,-37.6368,32.0,74,75,11.5,broken clouds,2021-05-07 15:18:08
32,Portland,US,45.5234,-122.6762,50.0,71,75,11.5,broken clouds,2021-05-07 15:18:08
33,Upernavik,GL,72.7868,-56.1549,28.54,79,99,7.61,overcast clouds,2021-05-07 15:18:08
34,Coihaique,CL,-45.5752,-72.0662,33.8,93,100,3.44,haze,2021-05-07 15:08:30
35,Bredasdorp,ZA,-34.5322,20.0403,60.8,94,100,13.8,light rain,2021-05-07 15:18:09
36,Yeppoon,AU,-23.1333,150.7333,59.0,82,0,3.42,clear sky,2021-05-07 15:18:09
37,Zyryanka,RU,65.75,150.85,27.64,89,100,7.09,overcast clouds,2021-05-07 15:18:09
38,Khoy,IR,38.5504,44.9535,64.76,51,96,8.52,overcast clouds,2021-05-07 15:18:09
39,Kristianstad,SE,56.0313,14.1524,48.99,76,75,4.61,broken clouds,2021-05-07 15:18:10
40,Yulara,AU,-25.2406,130.9889,62.6,88,90,9.22,overcast clouds,2021-05-07 15:08:42
41,Bud,US,39.447,-86.1758,55.0,58,1,6.91,clear sky,2021-05-07 15:18:10
42,Mahebourg,MU,-20.4081,57.7,73.4,83,40,3.44,scattered clouds,2021-05-07 15:18:10
43,Kutum,SD,14.2,24.6667,94.01,11,11,8.57,few clouds,2021-05-07 15:18:11
44,Touros,BR,-5.1989,-35.4608,86.0,66,40,10.36,scattered clouds,2021-05-07 15:18:11
45,Kavieng,PG,-2.5744,150.7967,82.27,79,97,14.16,light rain,2021-05-07 15:18:11
46,Paamiut,GL,61.994,-49.6678,35.01,83,5,13.73,clear sky,2021-05-07 15:18:11
47,Douglas,US,41.3,-96.167,60.8,39,75,8.05,broken clouds,2021-05-07 15:14:12
48,Road Town,VG,18.4167,-64.6167,84.2,61,40,10.36,scattered clouds,2021-05-07 15:18:12
49,Agadez,NE,19.75,10.25,106.32,4,3,9.71,clear sky,2021-05-07 15:18:12
50,Annau,TM,37.8876,58.516,77.0,44,40,4.61,scattered clouds,2021-05-07 15:18:12
51,Punta Arenas,CL,-53.15,-70.9167,42.8,87,0,5.75,clear sky,2021-05-07 15:14:11
52,East London,ZA,-33.0153,27.9116,71.6,64,0,11.5,moderate rain,2021-05-07 15:18:12
53,Chaman,PK,30.9236,66.4512,78.08,19,0,8.81,clear sky,2021-05-07 15:18:13
54,Mataura,NZ,-46.1927,168.8643,42.01,97,100,1.01,overcast clouds,2021-05-07 15:18:13
55,Bela,IN,25.9333,81.9833,89.02,37,17,9.35,few clouds,2021-05-07 15:18:13
56,Hilo,US,19.7297,-155.09,75.2,69,90,7.14,light rain,2021-05-07 15:17:57
57,Hambantota,LK,6.1241,81.1185,78.8,100,75,3.44,broken clouds,2021-05-07 15:18:14
58,Havoysund,NO,70.9963,24.6622,33.8,80,75,19.57,light snow,2021-05-07 15:18:14
59,Coahuayana,MX,18.7333,-103.6833,78.8,53,40,1.36,scattered clouds,2021-05-07 15:18:14
60,Ostrovnoy,RU,68.0531,39.5131,34.72,99,100,12.88,overcast clouds,2021-05-07 15:18:15
61,Ushuaia,AR,-54.8,-68.3,42.8,93,75,6.91,broken clouds,2021-05-07 15:17:49
62,Chumikan,RU,54.7183,135.315,30.02,98,97,9.44,snow,2021-05-07 15:18:15
63,Szamotuly,PL,52.612,16.5779,39.99,87,75,14.97,moderate rain,2021-05-07 15:18:15
64,Hermanus,ZA,-34.4187,19.2345,59.0,97,100,1.01,light rain,2021-05-07 15:18:15
65,Mweka,CD,-4.85,21.5667,79.12,76,74,3.2,light rain,2021-05-07 15:18:16
66,Khandyga,RU,62.6667,135.6,35.11,90,90,3.42,overcast clouds,2021-05-07 15:18:16
67,Arroio Grande,BR,-32.2375,-53.0869,61.61,60,56,9.53,broken clouds,2021-05-07 15:18:16
68,Turayf,SA,31.6725,38.6637,86.0,21,0,9.22,clear sky,2021-05-07 15:18:17
69,Khatanga,RU,71.9667,102.5,35.56,97,100,15.32,light rain,2021-05-07 15:18:17
70,Comodoro Rivadavia,AR,-45.8667,-67.5,55.4,62,0,11.5,clear sky,2021-05-07 15:18:17
71,Alyangula,AU,-13.8483,136.4192,69.8,94,10,8.16,clear sky,2021-05-07 15:18:17
72,Jaru,BR,-10.4389,-62.4664,73.08,70,87,8.48,overcast clouds,2021-05-07 15:18:18
73,Asau,RO,46.4333,26.4,68.0,28,100,4.36,overcast clouds,2021-05-07 15:18:18
74,Arlit,NE,18.7369,7.3853,108.75,3,9,2.06,clear sky,2021-05-07 15:18:18
75,Avarua,CK,-21.2078,-159.775,73.4,78,90,3.44,overcast clouds,2021-05-07 15:18:18
76,Parrita,CR,9.5201,-84.3225,77.0,64,75,9.22,broken clouds,2021-05-07 15:18:19
77,Bambous Virieux,MU,-20.3428,57.7575,73.99,83,40,3.44,scattered clouds,2021-05-07 15:18:19
78,Amahai,ID,-3.3333,128.9167,77.85,88,97,2.68,overcast clouds,2021-05-07 15:18:19
79,Buchanan,LR,5.8808,-10.0467,87.8,70,75,11.5,broken clouds,2021-05-07 15:08:59
80,Puerto Ayora,EC,-0.7393,-90.3518,80.6,65,20,13.8,few clouds,2021-05-07 15:18:20
81,Khudumelapye,BW,-23.8833,24.75,78.13,26,5,3.33,clear sky,2021-05-07 15:18:20
82,Bobrovka,RU,54.047,61.7455,62.37,30,31,5.48,scattered clouds,2021-05-07 15:18:20
83,Sola,VU,-13.8833,167.55,81.68,79,100,20.13,overcast clouds,2021-05-07 15:08:40
84,Luderitz,NA,-26.6481,15.1594,68.0,61,0,26.57,clear sky,2021-05-07 15:18:20
85,Zhezkazgan,KZ,47.8043,67.7144,70.7,30,86,12.71,overcast clouds,2021-05-07 15:18:21
86,Trimbak,IN,19.9333,73.55,82.24,44,16,6.69,few clouds,2021-05-07 15:18:21
87,Airai,TL,-8.9266,125.4092,58.96,96,54,2.28,broken clouds,2021-05-07 15:18:21
88,Kaitangata,NZ,-46.2817,169.8464,46.67,87,100,2.37,overcast clouds,2021-05-07 15:18:22
89,Esperance,AU,-33.8667,121.9,55.4,100,75,5.75,broken clouds,2021-05-07 15:18:22
90,Kencong,ID,-8.2833,113.3667,76.91,81,69,1.36,broken clouds,2021-05-07 15:18:22
91,Zaranj,AF,30.9667,61.8833,89.6,22,20,9.22,few clouds,2021-05-07 15:18:22
92,Orcopampa,PE,-15.2661,-72.3417,52.75,58,93,1.01,overcast clouds,2021-05-07 15:08:29
93,Clyde River,CA,70.4692,-68.5914,28.4,93,75,14.97,broken clouds,2021-05-07 15:18:23
94,Butaritari,KI,3.0707,172.7902,82.26,78,26,13.24,light rain,2021-05-07 15:18:23
95,Ribeira Grande,PT,38.5167,-28.7,64.4,94,75,29.93,broken clouds,2021-05-07 15:18:23
96,Arraial Do Cabo,BR,-22.9661,-42.0278,80.6,78,40,13.8,scattered clouds,2021-05-07 15:18:24
97,Sorland,NO,67.667,12.6934,42.8,61,40,10.36,scattered clouds,2021-05-07 15:18:24
98,Teguldet,RU,57.3064,88.1667,48.07,63,42,5.88,scattered clouds,2021-05-07 15:18:24
99,San Quintin,MX,30.4833,-115.95,59.29,77,100,7.47,overcast clouds,2021-05-07 15:18:24
100,Jamestown,US,42.097,-79.2353,42.01,93,90,11.5,light rain,2021-05-07 15:17:19
101,Bethel,US,41.3712,-73.414,62.6,34,1,6.91,clear sky,2021-05-07 15:18:25
102,Alice Springs,AU,-23.7,133.8833,64.4,25,100,3.44,overcast clouds,2021-05-07 15:18:25
103,Provideniya,RU,64.3833,-173.3,30.31,69,8,7.92,clear sky,2021-05-07 15:18:25
104,Kapaa,US,22.0752,-159.319,69.8,88,75,8.05,broken clouds,2021-05-07 15:18:26
105,Maniitsoq,GL,65.4167,-52.9,34.09,80,9,9.73,clear sky,2021-05-07 15:18:08
106,Carnarvon,AU,-24.8667,113.6333,68.0,77,2,13.8,clear sky,2021-05-07 15:17:03
107,Hobart,AU,-42.8794,147.3294,59.0,82,100,4.61,light rain,2021-05-07 15:17:34
108,Chiredzi,ZW,-21.05,31.6667,76.15,37,3,7.2,clear sky,2021-05-07 15:18:26
109,Georgetown,MY,5.4112,100.3354,84.99,84,20,4.61,moderate rain,2021-05-07 15:17:43
110,Zhuhai,CN,22.2769,113.5678,80.6,89,20,6.91,few clouds,2021-05-07 15:18:26
111,Kununurra,AU,-15.7667,128.7333,62.6,94,99,3.2,overcast clouds,2021-05-07 15:16:11
112,Okhotsk,RU,59.3833,143.3,32.36,68,69,1.83,broken clouds,2021-05-07 15:18:27
113,Lusambo,CD,-4.9667,23.45,77.92,87,100,0.89,light rain,2021-05-07 15:18:27
114,Paraiso,CR,9.8383,-83.8656,75.2,64,75,9.22,broken clouds,2021-05-07 15:18:06
115,Nikolskoye,RU,59.7035,30.7861,46.99,76,90,8.95,overcast clouds,2021-05-07 15:18:27
116,Nsanje,MW,-16.92,35.262,76.06,50,8,5.77,clear sky,2021-05-07 15:18:28
117,Hamilton,US,39.1834,-84.5333,55.0,58,40,8.05,scattered clouds,2021-05-07 15:08:33
118,Cayenne,GF,4.9333,-52.3333,86.0,79,75,8.05,broken clouds,2021-05-07 15:18:28
119,Albany,US,42.6001,-73.9662,60.01,28,75,5.12,broken clouds,2021-05-07 15:18:28
120,Mitsamiouli,KM,-11.3847,43.2844,82.4,69,20,23.02,few clouds,2021-05-07 15:18:28
121,Batagay-Alyta,RU,67.8006,130.4114,25.74,98,100,2.1,overcast clouds,2021-05-07 15:08:51
122,Mar Del Plata,AR,-38.0023,-57.5575,57.2,72,20,4.61,few clouds,2021-05-07 15:15:00
123,Sertanopolis,BR,-23.0586,-51.0364,66.2,77,75,4.61,broken clouds,2021-05-07 15:18:29
124,Bilibino,RU,68.0546,166.4372,10.98,98,65,4.99,broken clouds,2021-05-07 15:18:29
125,Invermere,CA,50.5167,-116.0354,48.99,91,97,1.01,overcast clouds,2021-05-07 15:18:29
126,Te Anau,NZ,-45.4167,167.7167,46.18,86,100,1.03,overcast clouds,2021-05-07 15:18:30
127,Churapcha,RU,62.0025,132.4325,38.46,83,88,4.74,overcast clouds,2021-05-07 15:18:30
128,Port Lincoln,AU,-34.7333,135.8667,60.53,91,36,4.5,scattered clouds,2021-05-07 15:18:30
129,Narasannapeta,IN,18.4167,84.05,84.76,74,10,9.62,clear sky,2021-05-07 15:18:30
130,Redmond,US,47.674,-122.1215,48.99,84,99,6.33,overcast clouds,2021-05-07 15:15:49
131,Thompson,CA,55.7435,-97.8558,33.8,60,40,12.66,scattered clouds,2021-05-07 15:18:31
132,Tshikapa,CD,-6.4167,20.8,82.42,73,96,1.61,overcast clouds,2021-05-07 15:18:31
133,Adelaide,AU,-34.9333,138.6,57.99,82,0,1.41,clear sky,2021-05-07 15:18:31
134,Prachuap Khiri Khan,TH,12.2167,99.75,74.39,86,26,2.15,light rain,2021-05-07 15:17:30
135,Del Rio,US,29.3627,-100.8968,75.2,43,1,10.36,clear sky,2021-05-07 15:18:32
136,Caravelas,BR,-17.7125,-39.2481,85.53,56,55,8.14,broken clouds,2021-05-07 15:18:32
137,Dunedin,NZ,-45.8742,170.5036,51.01,97,100,2.82,overcast clouds,2021-05-07 15:18:32
138,Paralimni,CY,35.0375,33.9833,77.0,61,20,6.91,few clouds,2021-05-07 15:18:33
139,Kodiak,US,57.79,-152.4072,39.2,70,90,6.91,overcast clouds,2021-05-07 15:18:33
140,Ulaanbaatar,MN,47.9077,106.8832,39.2,45,0,8.95,clear sky,2021-05-07 15:18:33
141,Mount Gambier,AU,-37.8333,140.7667,53.6,100,33,6.91,scattered clouds,2021-05-07 15:18:33
142,Diamantina,BR,-18.2494,-43.6003,75.92,41,6,3.89,clear sky,2021-05-07 15:18:34
143,New Norfolk,AU,-42.7826,147.0587,59.0,79,100,1.01,light rain,2021-05-07 15:18:35
144,Mahendranagar,NP,28.9167,80.3333,73.54,71,96,9.78,overcast clouds,2021-05-07 15:18:35
145,Pevek,RU,69.7008,170.3133,2.71,97,87,5.97,overcast clouds,2021-05-07 15:18:35
146,Ulagan,RU,50.6321,87.9563,52.99,87,100,4.52,overcast clouds,2021-05-07 15:18:36
147,Matara,LK,5.9485,80.5353,79.3,86,99,7.43,overcast clouds,2021-05-07 15:18:36
148,Nicolas Bravo,MX,18.45,-88.9167,82.4,89,75,11.5,broken clouds,2021-05-07 15:18:36
149,Zhigansk,RU,66.7697,123.3711,32.45,88,100,6.2,overcast clouds,2021-05-07 15:18:36
150,Tuatapere,NZ,-46.1333,167.6833,42.01,97,99,1.01,overcast clouds,2021-05-07 15:18:37
151,Zanjan,IR,36.6736,48.4787,55.4,76,75,4.61,broken clouds,2021-05-07 15:18:37
152,Lompoc,US,34.6391,-120.4579,51.8,93,24,8.05,mist,2021-05-07 15:13:47
153,Torbay,CA,47.6666,-52.7314,44.01,93,90,9.22,mist,2021-05-07 15:18:37
154,Lasa,IT,46.6166,10.7002,71.6,43,75,8.05,broken clouds,2021-05-07 15:18:38
155,Pemangkat,ID,1.1667,108.9667,77.4,88,98,8.39,overcast clouds,2021-05-07 15:18:38
156,San Andres,CO,12.5847,-81.7006,86.0,70,75,14.97,broken clouds,2021-05-07 15:18:38
157,Palmer,US,42.1584,-72.3287,64.0,31,20,5.75,few clouds,2021-05-07 15:18:39
158,Saint George,US,37.1041,-113.5841,77.0,21,1,8.05,clear sky,2021-05-07 15:16:36
159,Nagayo,JP,32.8242,129.8861,68.0,77,73,11.99,broken clouds,2021-05-07 15:18:39
160,Kloulklubed,PW,7.0419,134.2556,78.8,94,75,5.75,broken clouds,2021-05-07 15:16:01
161,Gigmoto,PH,13.7796,124.39,80.01,90,90,7.0,overcast clouds,2021-05-07 15:18:39
162,Kamenka,RU,51.3223,42.7678,50.76,80,97,8.57,overcast clouds,2021-05-07 15:18:40
163,Christchurch,NZ,-43.5333,172.6333,55.99,87,90,4.61,overcast clouds,2021-05-07 15:15:05
164,Marsa Matruh,EG,31.3525,27.2453,82.4,47,0,10.36,clear sky,2021-05-07 15:18:40
165,Tevaitoa,PF,-16.7833,-151.5,81.66,67,55,11.23,broken clouds,2021-05-07 15:18:40
166,Southbridge,US,42.0751,-72.0334,62.01,33,40,1.99,scattered clouds,2021-05-07 15:18:40
167,Qaanaaq,GL,77.484,-69.3632,26.6,82,100,4.56,overcast clouds,2021-05-07 15:18:41
168,Goundam,ML,16.4145,-3.6708,105.93,10,64,7.65,broken clouds,2021-05-07 15:18:41
169,Kaspi,GE,41.9252,44.4257,69.8,32,0,17.27,clear sky,2021-05-07 15:18:41
170,Ouesso,CG,1.6136,16.0517,76.15,92,99,4.92,light rain,2021-05-07 15:18:42
171,Buala,SB,-8.145,159.5921,81.45,85,100,9.91,overcast clouds,2021-05-07 15:18:42
172,Longonjo,AO,-12.9067,15.2533,72.84,74,80,1.39,moderate rain,2021-05-07 15:18:42
173,Lazaro Cardenas,MX,17.9583,-102.2,84.51,52,99,1.72,overcast clouds,2021-05-07 15:18:43
174,Skelleftea,SE,64.7507,20.9528,44.01,52,40,4.61,scattered clouds,2021-05-07 15:18:43
175,Sampit,ID,-2.5333,112.95,75.0,91,96,0.16,light rain,2021-05-07 15:18:44
176,Namibe,AO,-15.1961,12.1522,78.03,72,12,15.48,few clouds,2021-05-07 15:18:44
177,Half Moon Bay,US,37.4636,-122.4286,55.4,87,1,10.36,haze,2021-05-07 15:16:23
178,Hay River,CA,60.8156,-115.7999,48.2,40,75,14.97,broken clouds,2021-05-07 15:14:54
179,Alta Floresta,BR,-9.8756,-56.0861,78.8,65,0,6.91,clear sky,2021-05-07 15:18:44
180,Udayagiri,IN,20.1333,84.3833,74.73,71,43,3.56,scattered clouds,2021-05-07 15:18:45
181,Vila Franca Do Campo,PT,37.7167,-25.4333,66.2,88,20,14.97,few clouds,2021-05-07 15:18:45
182,Shanting,CN,35.0753,117.4578,59.43,40,20,5.19,few clouds,2021-05-07 15:18:45
183,Lakes Entrance,AU,-37.8811,147.981,55.0,98,99,6.04,overcast clouds,2021-05-07 15:18:45
184,Lermontovka,RU,47.1453,134.3383,50.13,95,100,4.0,light rain,2021-05-07 15:18:46
185,Udachnyy,RU,66.4167,112.4,30.72,91,77,5.77,broken clouds,2021-05-07 15:18:46
186,Pangnirtung,CA,66.1451,-65.7125,39.2,75,75,6.91,broken clouds,2021-05-07 15:18:46
187,Faanui,PF,-16.4833,-151.75,82.4,65,70,12.37,broken clouds,2021-05-07 15:18:47
188,Moron,AR,-34.6534,-58.6198,62.6,59,0,6.91,clear sky,2021-05-07 15:18:47
189,Sandwick,GB,60.0,-1.25,44.6,70,40,2.3,scattered clouds,2021-05-07 15:18:47
190,Yellowknife,CA,62.456,-114.3525,45.0,45,20,11.5,few clouds,2021-05-07 15:16:44
191,Belaya Gora,RU,68.5333,146.4167,26.1,88,99,6.4,overcast clouds,2021-05-07 15:18:48
192,Port Elizabeth,ZA,-33.918,25.5701,64.4,82,0,5.75,clear sky,2021-05-07 15:18:03
193,Saldanha,ZA,-33.0117,17.9442,68.0,60,13,14.97,few clouds,2021-05-07 15:18:48
194,Sur,OM,22.5667,59.5289,87.69,61,96,14.12,overcast clouds,2021-05-07 15:18:48
195,Simpang,ID,-1.2667,104.0833,75.79,95,94,1.01,overcast clouds,2021-05-07 15:18:49
196,Itacoatiara,BR,-3.1431,-58.4442,88.14,59,70,5.1,broken clouds,2021-05-07 15:18:24
197,Qiryat Gat,IL,31.61,34.7642,80.01,49,0,1.99,clear sky,2021-05-07 15:18:49
198,Longyearbyen,SJ,78.2186,15.6401,23.0,63,20,3.44,few clouds,2021-05-07 15:15:24
199,Kirkland Lake,CA,48.1446,-80.0377,41.0,70,99,3.47,overcast clouds,2021-05-07 15:15:05
200,Ponta Do Sol,PT,32.6667,-17.1,68.0,55,43,5.01,scattered clouds,2021-05-07 15:18:50
201,Alexandria,EG,31.2156,29.9553,84.2,39,0,8.05,clear sky,2021-05-07 15:18:43
202,Fort Nelson,CA,58.8053,-122.7002,44.6,81,90,2.3,light rain,2021-05-07 15:15:05
203,San Pedro,PH,14.35,121.0167,84.2,70,20,5.75,few clouds,2021-05-07 15:18:50
204,Hualmay,PE,-11.0964,-77.6139,69.8,72,17,8.43,few clouds,2021-05-07 15:18:50
205,Richards Bay,ZA,-28.783,32.0377,70.88,73,27,13.2,light rain,2021-05-07 15:04:10
206,Broome,US,42.2506,-75.833,55.99,49,99,3.0,overcast clouds,2021-05-07 15:18:51
207,Auki,SB,-8.7676,160.7034,78.98,88,100,3.74,light rain,2021-05-07 15:18:51
208,Yar-Sale,RU,66.8333,70.8333,33.21,97,100,18.12,overcast clouds,2021-05-07 15:18:51
209,Toora-Khem,RU,52.4675,96.11,51.57,93,100,1.88,light rain,2021-05-07 15:18:51
210,Anadyr,RU,64.75,177.4833,14.0,92,20,4.47,fog,2021-05-07 15:18:52
211,Plettenberg Bay,ZA,-34.0527,23.3716,62.62,79,26,9.66,scattered clouds,2021-05-07 15:18:52
212,Batagay,RU,67.6333,134.6333,30.63,97,100,2.01,overcast clouds,2021-05-07 15:18:52
213,Talara,PE,-4.5772,-81.2719,71.6,73,75,18.41,broken clouds,2021-05-07 15:18:53
214,Govindgarh,IN,27.5,76.9833,82.71,43,67,8.21,broken clouds,2021-05-07 15:18:53
215,Sangueya,GN,10.7,-14.3667,97.5,29,71,11.21,broken clouds,2021-05-07 15:18:53
216,Vanimo,PG,-2.6741,141.3028,79.39,89,97,6.87,overcast clouds,2021-05-07 15:18:54
217,Korla,CN,41.7597,86.1469,78.13,9,100,6.93,overcast clouds,2021-05-07 15:18:54
218,Grand Baie,MU,-20.0182,57.5802,73.99,78,24,1.99,few clouds,2021-05-07 15:15:55
219,Yugo-Kamskiy,RU,57.7053,55.5894,69.8,28,20,13.42,few clouds,2021-05-07 15:18:54
220,Olafsvik,IS,64.8945,-23.7142,37.6,55,47,13.67,scattered clouds,2021-05-07 15:18:55
221,Port Blair,IN,11.6667,92.75,82.9,75,100,8.46,overcast clouds,2021-05-07 15:18:55
222,La Paz,BO,-16.5,-68.15,46.4,76,40,8.05,scattered clouds,2021-05-07 15:14:47
223,Viesite,LV,56.3475,25.5551,50.18,50,100,6.31,overcast clouds,2021-05-07 15:14:39
224,Marquette,US,46.5333,-87.6335,37.99,94,94,12.03,overcast clouds,2021-05-07 15:18:56
225,Santa Rosa,PH,14.3122,121.1114,84.2,70,20,5.75,few clouds,2021-05-07 15:18:56
226,Mahibadhoo,MV,3.7833,72.9667,85.57,69,74,6.31,broken clouds,2021-05-07 15:18:56
227,Kaeo,NZ,-35.1,173.7833,64.0,81,100,8.99,overcast clouds,2021-05-07 15:18:56
228,Gondanglegi,ID,-7.7479,112.0132,74.88,90,95,6.31,overcast clouds,2021-05-07 15:18:57
229,Souillac,MU,-20.5167,57.5167,73.4,83,40,3.44,scattered clouds,2021-05-07 15:18:57
230,Nouadhibou,MR,20.931,-17.0347,71.6,68,0,20.71,sand,2021-05-07 15:18:57
231,Acapulco,MX,16.8634,-99.8901,82.4,69,90,4.61,overcast clouds,2021-05-07 15:18:57
232,Goderich,CA,43.7501,-81.7165,46.4,61,27,4.61,scattered clouds,2021-05-07 15:18:58
233,Fairbanks,US,64.8378,-147.7164,44.6,75,90,4.61,overcast clouds,2021-05-07 15:15:55
234,Fukue,JP,32.6881,128.8419,64.02,83,52,11.9,broken clouds,2021-05-07 15:18:58
235,Fuerte,PH,17.5381,120.3644,83.16,74,14,0.65,few clouds,2021-05-07 15:18:58
236,Grumo Appula,IT,41.0135,16.7085,78.01,35,0,12.66,clear sky,2021-05-07 15:18:59
237,Cabo San Lucas,MX,22.8909,-109.9124,77.0,27,1,3.44,clear sky,2021-05-07 15:16:25
238,Hirtshals,DK,57.5881,9.9592,50.0,76,0,3.44,clear sky,2021-05-07 15:16:10
239,San Ignacio,BZ,17.1561,-89.0714,78.8,83,75,0.81,broken clouds,2021-05-07 15:18:59
240,Jinchang,CN,38.4953,102.1739,66.72,8,6,7.09,clear sky,2021-05-07 15:18:59
241,Barcelos,PT,41.5388,-8.6151,72.0,63,0,6.91,clear sky,2021-05-07 15:19:00
242,Ilulissat,GL,69.2167,-51.1,33.8,69,75,5.75,broken clouds,2021-05-07 15:19:00
243,Cockburn Town,TC,21.4612,-71.1419,80.15,68,72,14.03,broken clouds,2021-05-07 15:18:35
244,Moerai,PF,-22.4333,-151.3333,74.25,65,100,9.93,overcast clouds,2021-05-07 15:19:00
245,Egvekinot,RU,66.3167,-179.1667,9.59,84,12,9.04,few clouds,2021-05-07 15:19:00
246,Elizabeth City,US,36.2946,-76.2511,66.99,48,1,9.22,clear sky,2021-05-07 15:15:38
247,Makushino,RU,55.2103,67.2442,59.38,35,1,4.14,clear sky,2021-05-07 15:19:01
248,Zherdevka,RU,51.8486,41.4606,54.55,61,15,5.66,few clouds,2021-05-07 15:19:01
249,Asifabad,IN,19.3667,79.2833,90.9,40,72,3.85,broken clouds,2021-05-07 15:19:01
250,Sitka,US,57.0531,-135.33,46.4,87,75,2.98,light rain,2021-05-07 15:19:02
251,Waingapu,ID,-9.6567,120.2641,76.26,78,100,7.27,overcast clouds,2021-05-07 15:19:02
252,Atar,MR,20.5169,-13.0499,98.69,8,0,9.6,clear sky,2021-05-07 15:19:02
253,Constitucion,CL,-35.3333,-72.4167,59.32,85,100,11.99,overcast clouds,2021-05-07 15:19:03
254,San Cristobal,VE,7.7669,-72.225,78.8,89,40,2.3,fog,2021-05-07 15:19:03
255,Nanortalik,GL,60.1432,-45.2371,36.57,76,100,6.13,overcast clouds,2021-05-07 15:19:03
256,Merrill,US,45.1805,-89.6835,42.8,65,90,10.36,overcast clouds,2021-05-07 15:19:04
257,Iskateley,RU,67.6803,53.1512,32.7,74,100,12.12,overcast clouds,2021-05-07 15:19:04
258,Meulaboh,ID,4.1363,96.1285,79.12,85,100,2.04,heavy intensity rain,2021-05-07 15:19:04
259,Sobolevo,RU,54.4299,31.8996,51.76,69,100,14.16,light rain,2021-05-07 15:19:05
260,Omboue,GA,-1.5746,9.2618,80.37,79,100,7.47,overcast clouds,2021-05-07 15:19:05
261,Khani,GE,41.9563,42.9566,69.8,35,0,10.36,clear sky,2021-05-07 15:19:05
262,Townsville,AU,-19.25,146.8,60.8,82,33,4.61,scattered clouds,2021-05-07 15:19:05
263,Muros,ES,42.7762,-9.0603,69.01,73,21,11.99,few clouds,2021-05-07 15:19:06
264,Karasjok,NO,69.4719,25.5112,35.6,69,90,19.57,overcast clouds,2021-05-07 15:19:06
265,Pafos,CY,34.7667,32.4167,79.0,69,0,10.36,clear sky,2021-05-07 15:14:31
266,Flin Flon,CA,54.7682,-101.865,39.2,52,1,9.22,clear sky,2021-05-07 15:19:06
267,Klaksvik,FO,62.2266,-6.589,41.0,56,40,12.66,scattered clouds,2021-05-07 15:19:07
268,Liverpool,GB,53.4106,-2.9779,55.4,62,40,11.5,scattered clouds,2021-05-07 15:19:07
269,Smoky Lake,CA,54.1169,-112.4686,53.6,27,99,17.27,overcast clouds,2021-05-07 15:19:08
270,Petropavlovsk-Kamchatskiy,RU,53.0452,158.6483,33.8,100,92,2.24,overcast clouds,2021-05-07 15:19:08
271,Lethem,GY,3.3803,-59.7968,87.94,57,84,8.37,broken clouds,2021-05-07 15:19:08
272,Maragogi,BR,-9.0122,-35.2225,82.0,72,20,8.52,few clouds,2021-05-07 15:19:08
273,Chokurdakh,RU,70.6333,147.9167,5.31,98,44,2.95,scattered clouds,2021-05-07 15:19:09
274,Rio Gallegos,AR,-51.6226,-69.2181,48.2,66,0,6.91,clear sky,2021-05-07 15:19:09
275,Lorengau,PG,-2.0226,147.2712,81.01,84,86,7.74,overcast clouds,2021-05-07 15:19:09
276,Ancud,CL,-41.8697,-73.8203,48.2,76,0,3.44,clear sky,2021-05-07 15:19:10
277,Raudeberg,NO,61.9875,5.1352,50.0,43,20,19.57,few clouds,2021-05-07 15:19:10
278,Sao Filipe,CV,14.8961,-24.4956,73.83,76,100,14.63,overcast clouds,2021-05-07 15:19:10
279,Balkanabat,TM,39.5108,54.3671,73.29,35,24,10.92,few clouds,2021-05-07 15:19:11
280,Muzhi,RU,65.3667,64.6667,33.4,72,65,17.27,broken clouds,2021-05-07 15:19:11
281,Iqaluit,CA,63.7506,-68.5145,32.0,86,90,12.66,overcast clouds,2021-05-07 15:19:11
282,Smidovich,RU,48.6,133.8167,42.42,78,100,20.36,overcast clouds,2021-05-07 15:19:12
283,Ahipara,NZ,-35.1667,173.1667,63.81,73,100,11.95,overcast clouds,2021-05-07 15:19:12
284,Tiksi,RU,71.6872,128.8694,25.5,97,100,6.71,overcast clouds,2021-05-07 15:19:12
285,Cairns,AU,-16.9167,145.7667,69.8,88,90,1.14,overcast clouds,2021-05-07 15:19:13
286,Moose Factory,CA,51.2585,-80.6094,42.8,61,90,6.91,overcast clouds,2021-05-07 15:19:13
287,Los Alamos,US,35.8881,-106.307,72.0,32,40,13.8,scattered clouds,2021-05-07 15:19:13
288,Leningradskiy,RU,69.3833,178.4167,3.94,97,94,4.94,overcast clouds,2021-05-07 15:19:14
289,Ust-Charyshskaya Pristan,RU,52.3934,83.6635,54.23,56,100,5.17,overcast clouds,2021-05-07 15:19:14
290,Katsuura,JP,35.1333,140.3,62.01,85,100,4.0,overcast clouds,2021-05-07 15:17:03
291,Coxim,BR,-18.5067,-54.76,77.86,47,57,3.31,broken clouds,2021-05-07 15:19:15
292,Luba,GQ,3.4568,8.5547,87.8,66,20,5.75,light rain,2021-05-07 15:18:09
293,Kavaratti,IN,10.5669,72.642,85.62,65,99,2.91,overcast clouds,2021-05-07 15:19:15
294,Doha,QA,25.2867,51.5333,93.2,40,0,8.05,clear sky,2021-05-07 15:16:18
295,Tura,IN,25.5198,90.2201,74.07,72,46,4.36,scattered clouds,2021-05-07 15:19:15
296,Masallatah,LY,32.6167,14.0,66.67,71,98,17.49,overcast clouds,2021-05-07 15:19:16
297,Ternate,ID,0.8,127.4,81.66,79,74,5.17,broken clouds,2021-05-07 15:19:16
298,Belyy Yar,RU,53.6039,91.3903,62.6,55,0,15.66,light rain,2021-05-07 15:19:16
299,Bathsheba,BB,13.2167,-59.5167,86.0,51,40,24.16,scattered clouds,2021-05-07 15:19:16
300,Saint-Francois,FR,46.4154,3.9054,57.99,58,0,5.75,clear sky,2021-05-07 15:19:17
301,Tuktoyaktuk,CA,69.4541,-133.0374,21.2,86,90,18.41,overcast clouds,2021-05-07 15:19:17
302,Bengkulu,ID,-3.8004,102.2655,78.91,86,100,3.83,overcast clouds,2021-05-07 15:19:17
303,Lavrentiya,RU,65.5833,-171.0,18.46,90,15,7.56,few clouds,2021-05-07 15:19:18
304,Tateyama,JP,34.9833,139.8667,63.0,85,100,5.01,overcast clouds,2021-05-07 15:19:18
305,Maceio,BR,-9.6658,-35.7353,75.2,94,75,3.44,broken clouds,2021-05-07 15:19:18
306,Washougal,US,45.5826,-122.3534,50.0,76,90,12.66,overcast clouds,2021-05-07 15:15:26
307,Ixtapa,MX,20.7,-105.2,77.0,78,90,3.98,overcast clouds,2021-05-07 15:18:06
308,Cavalcante,BR,-13.7975,-47.4583,83.43,42,3,2.82,clear sky,2021-05-07 15:19:19
309,Aklavik,CA,68.2191,-135.0107,23.0,80,100,9.22,snow,2021-05-07 15:19:20
310,Mogadishu,SO,2.0371,45.3438,80.6,61,75,11.5,light rain,2021-05-07 15:19:20
311,Bartica,GY,6.4,-58.6167,77.0,100,75,4.61,light rain,2021-05-07 15:19:21
312,Senneterre,CA,48.3835,-77.2328,48.2,53,75,12.66,broken clouds,2021-05-07 15:19:21
313,Shimanovsk,RU,52.0,127.7,40.62,63,100,10.76,overcast clouds,2021-05-07 15:19:22
314,Bongandanga,CD,1.5,21.05,75.9,94,98,0.81,light rain,2021-05-07 15:19:22
315,Vardo,NO,70.3705,31.1107,32.0,93,75,33.38,snow,2021-05-07 15:19:22
316,Puri,IN,19.8,85.85,86.0,83,40,9.22,haze,2021-05-07 15:15:02
317,Rawson,AR,-43.3002,-65.1023,60.35,47,9,21.45,clear sky,2021-05-07 15:19:23
318,Victoria,HK,22.2855,114.1577,80.01,80,40,5.01,scattered clouds,2021-05-07 15:17:27
319,Castro,BR,-24.7911,-50.0119,59.16,78,92,7.0,overcast clouds,2021-05-07 15:19:23
320,Yumen,CN,40.2833,97.2,71.06,4,3,10.33,clear sky,2021-05-07 15:19:23
321,Vostok,RU,46.4856,135.8833,46.72,61,100,4.32,overcast clouds,2021-05-07 15:19:24
322,Margate,GB,51.3813,1.3862,57.0,51,47,1.99,scattered clouds,2021-05-07 15:15:16
323,Mill Valley,US,37.906,-122.545,55.0,83,2,3.44,clear sky,2021-05-07 15:15:48
324,Bukavu,CD,-2.5083,28.8608,69.35,88,30,2.62,light rain,2021-05-07 15:19:24
325,Namwala,ZM,-15.7504,26.4384,77.09,33,0,4.52,clear sky,2021-05-07 15:19:24
326,Talnakh,RU,69.4865,88.3972,35.22,99,100,3.44,light rain,2021-05-07 15:19:25
327,Kenai,US,60.5544,-151.2583,33.8,93,1,5.97,clear sky,2021-05-07 15:19:25
328,Puerto Escondido,MX,15.85,-97.0667,82.4,78,75,0.56,broken clouds,2021-05-07 15:19:25
329,Jining,CN,35.405,116.5814,62.46,31,0,11.95,clear sky,2021-05-07 15:19:26
330,Nizhnevartovsk,RU,60.9344,76.5531,39.2,70,90,8.95,overcast clouds,2021-05-07 15:19:26
331,Kudahuvadhoo,MV,2.6708,72.8944,85.5,70,61,8.14,broken clouds,2021-05-07 15:19:26
332,Yangambi,CD,0.8102,24.4336,77.58,82,83,3.22,light rain,2021-05-07 15:19:27
333,Norman Wells,CA,65.282,-126.8329,37.4,70,75,8.05,broken clouds,2021-05-07 15:19:27
334,Challans,FR,46.8436,-1.8749,59.0,63,0,6.91,clear sky,2021-05-07 15:19:27
335,Tessalit,ML,20.1986,1.0114,106.3,9,3,11.79,clear sky,2021-05-07 15:19:28
336,Zhanakorgan,KZ,43.9098,67.2495,78.93,26,81,5.26,broken clouds,2021-05-07 15:19:28
337,Bergen,NO,60.392,5.328,51.01,43,20,13.8,few clouds,2021-05-07 15:19:29
338,Dickinson,US,29.4608,-95.0513,80.01,50,1,9.22,clear sky,2021-05-07 15:19:29
339,Motozintla,MX,15.3667,-92.2333,78.8,94,75,5.75,broken clouds,2021-05-07 15:19:29
340,Flinders,AU,-34.5833,150.8552,59.0,95,11,1.01,few clouds,2021-05-07 15:19:30
341,Pochutla,MX,15.7432,-96.4661,88.0,65,90,2.55,overcast clouds,2021-05-07 15:19:30
342,Podosinovets,RU,60.2776,47.0659,45.5,90,100,7.65,moderate rain,2021-05-07 15:19:30
343,Nueva Italia De Ruiz,MX,19.0167,-102.1,71.6,56,75,3.15,broken clouds,2021-05-07 15:19:31
344,Itarema,BR,-2.9248,-39.9167,84.09,69,95,11.41,overcast clouds,2021-05-07 15:19:31
345,Izhevskoye,RU,54.5567,40.8703,54.99,56,23,7.09,few clouds,2021-05-07 15:19:31
346,Nome,US,64.5011,-165.4064,39.2,60,1,10.36,clear sky,2021-05-07 15:19:32
347,Ambulu,ID,-8.345,113.6058,75.67,84,83,3.58,broken clouds,2021-05-07 15:19:32
348,Coffs Harbour,AU,-30.3,153.1333,62.6,94,100,4.61,overcast clouds,2021-05-07 15:19:32
349,Filadelfia,US,39.9523,-75.1638,66.0,36,75,5.75,broken clouds,2021-05-07 15:18:50
350,Lanxi,CN,29.2195,119.477,69.06,92,100,2.28,light rain,2021-05-07 15:19:33
351,Kosh-Agach,RU,50.0,88.6667,51.17,70,94,8.84,overcast clouds,2021-05-07 15:19:33
352,Francavilla Al Mare,IT,42.4206,14.287,71.6,60,20,6.91,few clouds,2021-05-07 15:19:33
353,Camacha,PT,33.0833,-16.3333,68.0,60,40,3.44,scattered clouds,2021-05-07 15:19:34
354,Savinka,RU,50.0785,47.0994,63.59,47,100,8.14,overcast clouds,2021-05-07 15:19:35
355,Poum,NC,-20.2333,164.0167,78.08,78,100,15.43,overcast clouds,2021-05-07 15:19:35
356,Chernyshevskiy,RU,63.0128,112.4714,27.54,94,9,2.51,clear sky,2021-05-07 15:19:36
357,Colombo,LK,6.9319,79.8478,78.8,89,40,5.75,scattered clouds,2021-05-07 15:19:36
358,Pandan,PH,14.0453,124.1694,79.97,90,96,8.37,overcast clouds,2021-05-07 15:19:37
359,Saint Anthony,US,45.0205,-93.218,50.0,43,1,11.5,clear sky,2021-05-07 15:19:37
360,Bowen,AU,-20.0167,148.2333,55.4,94,3,5.95,clear sky,2021-05-07 15:19:38
361,Cherskiy,RU,68.75,161.3,13.71,99,70,1.81,broken clouds,2021-05-07 15:19:38
362,Shimoda,JP,34.6667,138.95,61.0,83,100,1.01,overcast clouds,2021-05-07 15:19:38
363,Huilong,CN,31.8111,121.655,66.99,65,91,8.99,light rain,2021-05-07 15:19:38
364,Kijang,KR,35.2442,129.2139,55.4,41,0,6.91,clear sky,2021-05-07 15:19:39
365,Jawhar,SO,2.7809,45.5005,78.15,82,100,17.47,overcast clouds,2021-05-07 15:19:39
366,Bulawayo,ZW,-20.15,28.5833,71.73,30,5,8.46,clear sky,2021-05-07 15:19:39
367,Urumqi,CN,43.801,87.6005,78.8,18,0,4.47,clear sky,2021-05-07 15:19:40
368,Kolo,PL,52.2002,18.6387,48.0,90,98,13.76,overcast clouds,2021-05-07 15:19:40
369,Hollola,FI,61.05,25.4333,39.24,94,100,1.41,light rain,2021-05-07 15:19:40
370,Kuching,MY,1.55,110.3333,78.01,100,20,3.44,few clouds,2021-05-07 15:19:41
371,Karratha,AU,-20.7377,116.8463,80.19,59,6,9.08,clear sky,2021-05-07 15:19:41
372,Daru,PG,-9.0763,143.2092,80.1,76,97,11.5,overcast clouds,2021-05-07 15:19:41
373,Denpasar,ID,-8.65,115.2167,82.4,83,40,8.05,scattered clouds,2021-05-07 15:17:14
374,Kaihua,CN,23.3687,104.28,64.67,89,1,5.64,clear sky,2021-05-07 15:19:42
375,Fortuna,US,40.5982,-124.1573,53.01,87,90,16.11,overcast clouds,2021-05-07 15:19:42
376,Urman,RU,54.8831,56.8742,59.67,59,70,3.47,broken clouds,2021-05-07 15:19:42
377,Ruwi,OM,23.5996,58.5507,89.6,45,75,8.05,broken clouds,2021-05-07 15:19:43
378,Jacareacanga,BR,-6.2222,-57.7528,86.0,74,0,4.61,clear sky,2021-05-07 15:19:43
379,Vila Velha,BR,-20.3297,-40.2925,89.6,55,0,8.05,clear sky,2021-05-07 15:17:37
380,Kizema,RU,61.113,44.8302,49.5,66,100,7.31,light rain,2021-05-07 15:19:43
381,Sisimiut,GL,66.9395,-53.6735,36.48,71,21,11.14,few clouds,2021-05-07 15:19:44
382,Shubarkuduk,KZ,49.1447,56.4872,55.35,66,56,10.42,broken clouds,2021-05-07 15:19:44
383,Roebourne,AU,-20.7833,117.1333,80.96,61,23,9.46,few clouds,2021-05-07 15:19:44
384,Port Macquarie,AU,-31.4333,152.9167,59.0,94,40,5.23,scattered clouds,2021-05-07 15:15:24
385,Vila,PT,42.0304,-8.1588,71.01,58,2,11.01,clear sky,2021-05-07 15:19:45
386,Vaitape,PF,-16.5167,-151.75,82.38,65,69,12.21,broken clouds,2021-05-07 15:19:45
387,Geraldton,AU,-28.7667,114.6,62.6,77,75,11.5,broken clouds,2021-05-07 15:19:45
388,Yerofey Pavlovich,RU,53.9667,121.9667,37.29,84,100,4.05,overcast clouds,2021-05-07 15:19:46
389,Noyabrsk,RU,63.1994,75.4507,32.34,95,100,21.92,light snow,2021-05-07 15:19:46
390,Pachino,IT,36.7186,15.0907,77.0,36,20,6.91,few clouds,2021-05-07 15:19:46
391,Pocoes,BR,-14.5297,-40.3653,82.4,47,96,4.85,overcast clouds,2021-05-07 15:19:47
392,Trincomalee,LK,8.5711,81.2335,85.12,69,100,10.85,overcast clouds,2021-05-07 15:19:47
393,La Libertad,EC,-2.2333,-80.9,78.8,73,75,8.05,broken clouds,2021-05-07 15:19:47
394,Yerbogachen,RU,61.2767,108.0108,34.97,93,55,3.69,broken clouds,2021-05-07 15:19:47
395,Crotone,IT,39.0851,17.1178,69.8,64,0,11.5,clear sky,2021-05-07 15:19:48
396,Ossora,RU,59.2353,163.0719,25.41,93,100,6.46,overcast clouds,2021-05-07 15:19:48
397,Northam,GB,51.0333,-4.2167,54.0,70,100,4.0,overcast clouds,2021-05-07 15:19:48
398,Guerrero Negro,MX,27.9769,-114.0611,61.7,72,64,10.2,broken clouds,2021-05-07 15:19:49
399,Trofors,NO,65.5333,13.4063,39.2,65,40,5.75,light rain,2021-05-07 15:19:49
400,Kabalo,CD,-6.05,26.9167,79.97,75,100,3.44,light rain,2021-05-07 15:19:49
401,Melo,UY,-32.3667,-54.1833,60.85,59,19,7.36,few clouds,2021-05-07 15:19:50
402,Gizo,SB,-8.103,156.8419,82.85,76,100,7.52,light rain,2021-05-07 15:19:50
403,Bom Jesus,BR,-9.0744,-44.3586,95.43,30,35,4.16,scattered clouds,2021-05-07 15:19:51
404,Ville-Marie,CA,47.3335,-79.433,44.6,65,90,4.68,overcast clouds,2021-05-07 15:19:51
405,Coro,VE,11.4045,-69.6734,84.45,64,56,13.65,broken clouds,2021-05-07 15:19:51
406,Kozhva,RU,65.1073,57.0459,47.64,42,68,5.59,broken clouds,2021-05-07 15:19:52
407,Forres,GB,57.6113,-3.6108,50.0,43,73,12.66,broken clouds,2021-05-07 15:19:52
408,Kailua,US,21.4022,-157.7394,73.4,100,90,3.44,light rain,2021-05-07 15:19:53
409,Tursunzoda,TJ,38.5144,68.2333,71.6,60,72,6.71,broken clouds,2021-05-07 15:19:53
410,Wanxian,CN,30.8039,108.3897,69.8,85,100,1.86,light rain,2021-05-07 15:19:53
411,Skibbereen,IE,51.55,-9.2667,50.0,46,75,20.71,moderate rain,2021-05-07 15:19:54
412,Kodinsk,RU,58.6881,99.1844,40.59,73,82,9.69,broken clouds,2021-05-07 15:19:54
413,Leh,IN,34.1667,77.5833,45.91,63,100,2.06,overcast clouds,2021-05-07 15:19:54
414,Carbonear,CA,47.7332,-53.2148,45.0,83,99,8.01,overcast clouds,2021-05-07 15:19:55
415,Cidreira,BR,-30.1811,-50.2056,62.87,60,10,13.8,clear sky,2021-05-07 15:19:55
416,Veraval,IN,20.9,70.3667,83.75,79,0,12.84,clear sky,2021-05-07 15:19:55
417,Mehamn,NO,71.0357,27.8492,33.8,80,75,20.71,light snow,2021-05-07 15:19:56
418,Abha,SA,18.2164,42.5053,75.2,31,75,6.91,broken clouds,2021-05-07 15:19:56
419,Manzhouli,CN,49.6,117.4333,44.67,54,100,16.26,overcast clouds,2021-05-07 15:19:56
420,Veere,NL,51.5483,3.6667,52.0,66,2,13.8,clear sky,2021-05-07 15:19:57
421,Urdoma,RU,61.7533,48.5442,48.6,81,100,3.13,light rain,2021-05-07 15:19:57
422,Menongue,AO,-14.6585,17.691,78.33,43,97,4.88,overcast clouds,2021-05-07 15:19:57
423,Neustadt,DE,49.7117,12.0872,44.01,87,75,11.5,light rain,2021-05-07 15:19:58
424,Bogorodskoye,RU,56.55,37.8833,53.19,53,58,11.18,light rain,2021-05-07 15:19:58
425,Moroni,KM,-11.7022,43.2551,82.4,69,20,23.02,few clouds,2021-05-07 15:19:59
426,Cap Estate,LC,14.0833,-60.95,84.2,65,75,13.8,broken clouds,2021-05-07 15:19:59
427,Hastings,GB,50.8552,0.5729,55.99,58,20,21.85,few clouds,2021-05-07 15:19:59
428,Sao Joao Da Barra,BR,-21.6403,-41.0511,84.2,61,0,6.91,clear sky,2021-05-07 15:20:00
429,Rathdrum,US,47.8137,-116.892,48.2,61,75,14.97,broken clouds,2021-05-07 15:17:57
430,Cabo Rojo,PR,18.0866,-67.1457,86.0,63,4,5.01,clear sky,2021-05-07 15:20:00
431,Smolenka,RU,52.1352,113.4974,39.2,60,53,2.24,broken clouds,2021-05-07 15:20:00
432,Saint-Pierre,RE,-21.3393,55.4781,73.4,68,20,10.36,light rain,2021-05-07 15:20:01
433,Bhainsdehi,IN,21.6467,77.6325,88.23,23,14,2.86,few clouds,2021-05-07 15:20:01
434,Mazamari,PE,-11.3258,-74.5308,71.87,96,96,2.06,overcast clouds,2021-05-07 15:20:01
435,Praia Da Vitoria,PT,38.7333,-27.0667,68.0,77,75,28.57,broken clouds,2021-05-07 15:20:04
436,Port Shepstone,ZA,-30.7414,30.455,73.06,76,94,18.52,overcast clouds,2021-05-07 15:17:13
437,Wilkie,CA,52.4168,-108.7014,46.4,34,75,23.02,broken clouds,2021-05-07 15:20:05
438,Emerald,AU,-23.5333,148.1667,60.8,63,0,3.44,clear sky,2021-05-07 15:20:05
439,Derzhavinsk,KZ,51.1,66.3167,62.29,33,85,6.82,overcast clouds,2021-05-07 15:20:05
440,Les Escoumins,CA,48.1111,-69.0236,46.4,87,31,6.91,scattered clouds,2021-05-07 15:20:06
441,Kidal,ML,18.4411,1.4078,107.62,6,36,2.75,scattered clouds,2021-05-07 15:17:17
442,Sao Francisco Do Sul,BR,-26.2433,-48.6381,69.8,60,0,6.91,clear sky,2021-05-07 15:20:06
443,Fare,PF,-16.7,-151.0167,81.61,67,9,11.83,clear sky,2021-05-07 15:20:06
444,Pacific Grove,US,36.6177,-121.9166,54.0,87,29,5.01,scattered clouds,2021-05-07 15:19:15
445,Los Llanos De Aridane,ES,28.6585,-17.9182,75.2,50,75,6.91,broken clouds,2021-05-07 15:18:40
446,Lata,PT,40.1629,-8.3327,79.0,47,1,9.69,clear sky,2021-05-07 15:20:07
447,Henties Bay,NA,-22.116,14.2845,62.01,85,0,11.99,clear sky,2021-05-07 15:20:07
448,Kurchanskaya,RU,45.2219,37.5853,60.8,72,20,11.18,few clouds,2021-05-07 15:20:08
449,Valparaiso,CL,-33.0393,-71.6273,62.6,100,75,16.11,broken clouds,2021-05-07 15:17:09
450,Vao,NC,-22.6667,167.4833,76.26,86,99,16.28,overcast clouds,2021-05-07 15:20:08
451,Hue,VN,16.4667,107.6,80.6,78,40,2.3,scattered clouds,2021-05-07 15:19:09
452,Santa Isabel,BR,-23.3156,-46.2214,68.0,77,90,8.05,overcast clouds,2021-05-07 15:20:08
453,Lakatoro,VU,-16.0999,167.4164,80.53,80,28,12.35,scattered clouds,2021-05-07 15:20:09
454,Santa Maria,BR,-29.6842,-53.8069,59.0,58,0,2.3,clear sky,2021-05-07 15:20:09
455,Ban Nahin,LA,18.2418,104.2122,81.64,69,68,2.64,broken clouds,2021-05-07 15:20:09
456,Hofn,IS,64.2539,-15.2082,37.4,60,75,3.44,broken clouds,2021-05-07 15:20:10
457,Susanville,US,40.4163,-120.653,53.01,54,1,5.75,clear sky,2021-05-07 15:19:46
458,At-Bashi,KG,41.1702,75.8106,59.95,50,84,2.68,broken clouds,2021-05-07 15:20:10
459,Innisfail,AU,-17.5333,146.0333,65.73,86,0,4.25,clear sky,2021-05-07 15:20:10
460,Puerto Maldonado,PE,-12.6,-69.1833,68.0,68,75,9.22,broken clouds,2021-05-07 15:20:11
461,Grindavik,IS,63.8424,-22.4338,39.2,52,20,8.05,few clouds,2021-05-07 15:20:11
462,Lima,PE,-12.0432,-77.0282,70.0,73,90,10.36,overcast clouds,2021-05-07 15:18:05
463,Cam Ranh,VN,11.9214,109.1591,82.4,78,20,11.5,few clouds,2021-05-07 15:17:05
464,Srednekolymsk,RU,67.45,153.6833,12.51,97,63,4.74,broken clouds,2021-05-07 15:20:12
465,Kahama,TZ,-3.8333,32.6,72.55,74,99,2.21,light rain,2021-05-07 15:20:12
466,Floro,NO,61.5996,5.0328,48.2,43,20,19.57,few clouds,2021-05-07 15:20:12
467,Marzuq,YE,14.4,46.4667,85.5,38,64,6.78,broken clouds,2021-05-07 15:20:13
468,Narsaq,GL,60.9167,-46.05,39.2,65,75,11.5,broken clouds,2021-05-07 15:20:13
469,Urma,RU,42.5389,47.2864,57.0,88,97,13.42,overcast clouds,2021-05-07 15:20:13
470,Ust-Maya,RU,60.4167,134.5333,31.53,96,100,0.94,overcast clouds,2021-05-07 15:20:13
471,Imbituba,BR,-28.24,-48.6703,69.8,49,0,13.8,clear sky,2021-05-07 15:20:14
472,Gashua,NG,12.871,11.0482,105.22,12,100,7.14,overcast clouds,2021-05-07 15:20:14
473,Piacabucu,BR,-10.4056,-36.4344,81.37,76,11,8.75,few clouds,2021-05-07 15:20:14
474,Novopokrovka,UA,49.8425,36.5477,64.4,29,0,8.95,clear sky,2021-05-07 15:20:15
475,Faya,SA,18.3851,42.4509,75.2,31,75,6.91,broken clouds,2021-05-07 15:20:15
476,Oranjestad,AW,12.524,-70.027,84.2,70,20,21.85,few clouds,2021-05-07 15:20:15
477,Lagoa,PT,39.05,-27.9833,62.85,90,100,33.29,overcast clouds,2021-05-07 15:20:16
478,Balaka,MW,-14.9793,34.9558,67.14,63,19,6.11,few clouds,2021-05-07 15:20:16
479,Mount Isa,AU,-20.7333,139.5,62.6,36,92,4.61,overcast clouds,2021-05-07 15:20:16
480,Pisco,PE,-13.7,-76.2167,69.8,78,75,4.61,mist,2021-05-07 15:20:16
481,Ola,RU,59.5833,151.2833,32.61,85,61,2.15,broken clouds,2021-05-07 15:20:17
482,Vanavara,RU,60.34,102.2797,34.36,90,33,5.26,scattered clouds,2021-05-07 15:20:17
483,Manggar,ID,-2.8833,108.2667,80.65,80,97,1.43,overcast clouds,2021-05-07 15:20:17
484,Dingle,PH,10.9995,122.6711,79.66,82,87,6.71,light rain,2021-05-07 15:20:18
485,Tayoltita,MX,24.0833,-105.9333,83.52,36,16,1.88,few clouds,2021-05-07 15:20:18
486,Suluq,LY,31.6682,20.2521,104.61,7,2,12.44,clear sky,2021-05-07 15:20:18
487,Kamina,CD,-8.7386,24.9906,77.13,65,23,4.74,few clouds,2021-05-07 15:20:19
488,Jumla,NP,29.2747,82.1838,52.84,89,98,3.47,overcast clouds,2021-05-07 15:20:19
489,Kahului,US,20.8947,-156.47,71.6,78,1,8.05,light rain,2021-05-07 15:20:19
490,Olga,RU,43.7444,135.2892,45.0,98,100,7.65,overcast clouds,2021-05-07 15:20:20
491,Soyo,AO,-6.1349,12.3689,87.8,62,20,8.05,few clouds,2021-05-07 15:20:20
492,Puerto Narino,CO,-3.7703,-70.3831,82.4,83,75,6.91,moderate rain,2021-05-07 15:20:21
493,Aitape,PG,-3.1374,142.3475,79.59,88,76,6.42,broken clouds,2021-05-07 15:20:21
494,Marsh Harbour,BS,26.5412,-77.0636,80.49,68,34,13.76,heavy intensity rain,2021-05-07 15:20:21
495,Outjo,NA,-20.1167,16.15,79.65,32,84,5.12,broken clouds,2021-05-07 15:20:21
496,Dustlik,UZ,40.5247,68.0358,79.56,36,96,4.81,overcast clouds,2021-05-07 15:20:22
497,Great Falls,US,47.5002,-111.3008,57.0,58,90,3.44,overcast clouds,2021-05-07 15:20:22
498,Juybar,IR,36.6412,52.9124,62.6,94,90,4.61,overcast clouds,2021-05-07 15:20:22
499,Pedernales,DO,18.0384,-71.744,83.62,50,0,5.14,clear sky,2021-05-07 15:20:23
500,Seoul,KR,37.5683,126.9778,50.0,81,0,4.61,dust,2021-05-07 15:18:18
501,Omsukchan,RU,62.5333,155.8,14.97,96,71,4.41,broken clouds,2021-05-07 15:20:23
502,La Ronge,CA,55.1001,-105.2842,37.4,56,64,8.05,broken clouds,2021-05-07 15:20:23
503,Shu,KZ,43.5983,73.7614,67.26,61,97,9.35,overcast clouds,2021-05-07 15:20:24
504,Port-Gentil,GA,-0.7193,8.7815,82.4,83,75,13.8,light rain,2021-05-07 15:20:24
505,Tirumullaivasal,IN,11.2333,79.8333,85.77,69,50,12.46,scattered clouds,2021-05-07 15:20:24
506,Salalah,OM,17.0151,54.0924,86.0,74,75,9.22,broken clouds,2021-05-07 15:20:26
507,Mpika,ZM,-11.8343,31.4529,62.33,62,59,6.6,broken clouds,2021-05-07 15:20:26
508,Berdigestyakh,RU,62.0989,126.6992,31.71,95,100,4.09,overcast clouds,2021-05-07 15:20:27
509,Durango,MX,24.8333,-104.8333,65.93,57,17,4.5,few clouds,2021-05-07 15:20:05
510,Griffith,US,41.5284,-87.4237,57.99,54,75,11.5,broken clouds,2021-05-07 15:18:04
511,Talaya,RU,61.3833,152.75,14.16,97,65,3.02,broken clouds,2021-05-07 15:20:27
512,Taonan,CN,45.3333,122.7833,50.27,70,100,13.38,moderate rain,2021-05-07 15:20:27
513,Anshun,CN,26.25,105.9333,57.38,94,88,1.74,overcast clouds,2021-05-07 15:20:28
514,Brookings,US,44.3114,-96.7984,50.0,34,1,5.75,clear sky,2021-05-07 15:17:45
515,Elko,US,41.0002,-115.5012,63.0,29,100,13.0,overcast clouds,2021-05-07 15:19:04
516,Hami,CN,42.8,93.45,79.38,6,11,3.18,few clouds,2021-05-07 15:20:28
517,Novyy Urengoy,RU,66.0833,76.6333,31.91,97,100,9.95,overcast clouds,2021-05-07 15:19:11
518,Watertown,US,42.3709,-71.1828,62.01,44,1,10.36,clear sky,2021-05-07 15:18:00
519,Nyurba,RU,63.2842,118.3319,35.62,89,26,3.65,scattered clouds,2021-05-07 15:20:29
520,Santa Cruz Del Sur,CU,20.7147,-77.9956,84.51,60,68,6.96,broken clouds,2021-05-07 15:17:04
521,Shakiso,ET,5.75,38.9167,64.45,94,100,2.51,light rain,2021-05-07 15:20:29
522,Chapais,CA,49.7834,-74.8492,48.2,40,75,8.05,broken clouds,2021-05-07 15:20:30
523,Kamaishi,JP,39.2667,141.8833,54.95,85,99,7.92,overcast clouds,2021-05-07 15:20:30
524,Taber,CA,49.8167,-112.1518,55.4,43,100,18.41,overcast clouds,2021-05-07 15:20:30
525,Young,UY,-32.6833,-57.6333,63.0,42,0,3.0,clear sky,2021-05-07 15:20:31
526,Cap Malheureux,MU,-19.9842,57.6142,73.99,79,31,1.01,scattered clouds,2021-05-07 15:20:31
527,Umm Bab,QA,25.2142,50.8072,93.2,31,1,11.5,clear sky,2021-05-07 15:20:31
528,Gazanjyk,TM,39.2446,55.5154,76.68,26,14,5.41,few clouds,2021-05-07 15:20:32
529,Berlevag,NO,70.8578,29.0864,35.6,69,75,31.07,light snow,2021-05-07 15:20:32
530,Banda Aceh,ID,5.5577,95.3222,80.91,80,100,2.91,moderate rain,2021-05-07 15:20:22
531,Raga,SS,8.4596,25.678,87.21,43,99,4.68,overcast clouds,2021-05-07 15:20:33
532,Jaisalmer,IN,26.9147,70.9181,96.33,17,6,7.96,clear sky,2021-05-07 15:20:33
533,Angoche,MZ,-16.2325,39.9086,74.82,64,81,13.44,broken clouds,2021-05-07 15:18:23
534,Andenes,NO,69.3143,16.1194,41.0,56,20,11.5,few clouds,2021-05-07 15:20:34
535,Ishigaki,JP,24.3448,124.1572,78.26,88,52,9.33,broken clouds,2021-05-07 15:18:05
536,Inhambane,MZ,-23.865,35.3833,75.0,60,20,5.75,few clouds,2021-05-07 15:20:34
537,Ayr,GB,55.4627,-4.6339,52.0,53,20,5.75,few clouds,2021-05-07 15:20:35
538,Wanaka,NZ,-44.7,169.15,48.24,67,100,3.15,overcast clouds,2021-05-07 15:20:35
539,Inta,RU,66.0317,60.1659,36.9,64,51,6.24,broken clouds,2021-05-07 15:20:35
540,Berbera,SO,10.4396,45.0143,87.62,66,99,5.91,overcast clouds,2021-05-07 15:20:36
541,Kushmurun,KZ,52.4503,64.6311,58.55,33,19,4.79,few clouds,2021-05-07 15:20:37
542,Bexley,US,39.9689,-82.9377,54.0,66,75,10.36,broken clouds,2021-05-07 15:20:37
543,Kulhudhuffushi,MV,6.6221,73.07,86.13,66,64,5.08,broken clouds,2021-05-07 15:20:37
544,Limbe,CM,4.0242,9.2149,87.8,70,75,6.91,light rain,2021-05-07 15:20:38
545,Yamethin,MM,20.4333,96.15,82.98,55,1,6.82,clear sky,2021-05-07 15:20:38
546,Namatanai,PG,-3.6667,152.4333,79.63,82,99,11.05,light rain,2021-05-07 15:20:38
547,Kapuskasing,CA,49.4169,-82.4331,44.6,53,94,5.75,overcast clouds,2021-05-07 15:20:39
548,Bogande,BF,12.9714,-0.1436,104.14,19,36,10.31,scattered clouds,2021-05-07 15:20:39
549,Tautira,PF,-17.7333,-149.15,73.4,78,0,2.3,clear sky,2021-05-07 15:20:39
550,Esmeraldas,BR,-19.7625,-44.3139,82.4,26,20,8.05,few clouds,2021-05-07 15:17:03
551,Manaure,CO,11.7751,-72.4445,85.84,58,98,16.98,overcast clouds,2021-05-07 15:20:40
552,Verkhnevilyuysk,RU,63.4453,120.3167,34.86,91,82,4.07,broken clouds,2021-05-07 15:20:40
553,Pangai,TO,-19.8,-174.35,77.7,78,87,29.93,overcast clouds,2021-05-07 15:20:40
554,Taylor,US,32.3001,-99.8337,73.99,49,1,19.57,clear sky,2021-05-07 15:20:41
555,Aracoiaba,BR,-4.3711,-38.8142,88.0,63,86,5.77,overcast clouds,2021-05-07 15:20:41
556,Jacqueville,CI,5.2052,-4.4146,84.2,79,20,10.36,few clouds,2021-05-07 15:20:41
557,Santiago Del Estero,AR,-27.7951,-64.2615,63.75,45,63,11.01,broken clouds,2021-05-07 15:20:41
558,Ilo,PE,-17.6394,-71.3375,66.2,88,90,6.91,overcast clouds,2021-05-07 15:20:42
559,Harbour Breton,CA,47.4833,-55.7983,40.71,91,100,15.61,overcast clouds,2021-05-07 15:20:42
560,Stromness,GB,58.965,-3.296,46.4,71,40,9.22,scattered clouds,2021-05-07 15:20:25
561,Karwar,IN,14.8,74.1333,83.3,80,68,9.48,broken clouds,2021-05-07 15:20:42
562,Wanning,CN,18.8003,110.3967,77.09,87,84,3.74,broken clouds,2021-05-07 15:20:43
563,Kalyazin,RU,57.2403,37.8433,53.76,51,62,9.06,moderate rain,2021-05-07 15:20:43
564,Jalu,LY,29.0331,21.5482,112.1,3,1,11.54,clear sky,2021-05-07 15:20:43
565,Duluth,US,46.7833,-92.1066,46.4,49,40,13.8,scattered clouds,2021-05-07 15:20:44
566,Ogawara,JP,38.0516,140.7155,59.0,70,66,4.07,broken clouds,2021-05-07 15:20:44
567,Norfolk,US,42.1668,-71.2495,62.01,44,90,9.22,overcast clouds,2021-05-07 15:20:44
568,Quchan,IR,37.106,58.5095,68.41,51,35,5.01,scattered clouds,2021-05-07 15:20:45
569,Harer,ET,9.3094,42.1258,63.55,86,100,3.74,moderate rain,2021-05-07 15:20:45
570,San Vicente,AR,-26.6167,-54.1333,60.42,39,0,5.35,clear sky,2021-05-07 15:20:45
571,Dongsheng,CN,39.8161,109.9776,59.67,14,54,17.0,broken clouds,2021-05-07 15:20:46
572,Mutoko,ZW,-17.397,32.2268,69.35,35,0,5.57,clear sky,2021-05-07 15:20:46
573,Hwange,ZW,-18.3693,26.5019,79.75,32,1,7.23,clear sky,2021-05-07 15:20:46
574,Semey,KZ,50.4111,80.2275,57.2,44,0,4.47,clear sky,2021-05-07 15:20:47
575,Popondetta,PG,-8.7537,148.2534,73.53,97,55,2.62,broken clouds,2021-05-07 15:20:47
576,Champasak,LA,14.75,106.0,78.66,74,86,1.81,overcast clouds,2021-05-07 15:20:47
577,Axim,GH,4.8699,-2.2405,85.37,65,100,8.86,overcast clouds,2021-05-07 15:20:48
578,Zhangye,CN,38.9342,100.4517,66.31,8,0,3.13,clear sky,2021-05-07 15:20:48
579,Amga,RU,60.8953,131.9608,33.75,93,71,2.13,broken clouds,2021-05-07 15:20:48
580,Mogoditshane,BW,-24.6269,25.8656,77.0,31,20,5.75,few clouds,2021-05-07 15:20:49
581,Saint-Georges,GD,12.0564,-61.7485,79.63,78,100,15.03,overcast clouds,2021-05-07 15:20:49
582,Monsenhor Gil,BR,-5.5642,-42.6078,86.0,58,75,5.75,light rain,2021-05-07 15:20:49
583,Bereda,ES,43.2686,-7.5406,75.99,48,100,17.0,overcast clouds,2021-05-07 15:20:49
584,Antofagasta,CL,-23.65,-70.4,64.4,59,90,3.44,overcast clouds,2021-05-07 15:19:25
585,Kieta,PG,-6.2167,155.6333,79.47,83,100,3.8,light rain,2021-05-07 15:20:50
586,Huarmey,PE,-10.0681,-78.1522,70.03,75,37,8.46,scattered clouds,2021-05-07 15:20:50
587,Butterworth,MY,5.3991,100.3638,84.99,84,20,4.61,moderate rain,2021-05-07 15:20:51
588,Antsohihy,MG,-14.8796,47.9875,78.37,79,19,1.86,few clouds,2021-05-07 15:20:51
589,Boa Vista,BR,2.8197,-60.6733,77.0,83,90,10.36,light rain,2021-05-07 15:20:51
590,Grand Gaube,MU,-20.0064,57.6608,73.99,79,29,1.01,scattered clouds,2021-05-07 15:20:52
591,Storforshei,NO,66.4043,14.5233,45.0,42,40,10.36,scattered clouds,2021-05-07 15:20:52
592,Kungurtug,RU,50.5994,97.5228,52.43,60,100,3.94,light rain,2021-05-07 15:20:52
593,Sakata,JP,38.9167,139.855,58.28,78,100,4.52,overcast clouds,2021-05-07 15:20:52
594,Kolondieba,ML,11.0882,-6.8926,102.0,23,40,2.84,scattered clouds,2021-05-07 15:20:53
595,Gilleleje,DK,56.122,12.3106,50.0,75,46,1.99,scattered clouds,2021-05-07 15:20:53
596,Partenit,UA,44.578,34.3446,59.27,72,19,3.38,few clouds,2021-05-07 15:20:53
597,Karachev,RU,53.1229,34.9852,59.0,33,0,13.42,clear sky,2021-05-07 15:20:54
598,Baykit,RU,61.67,96.37,40.91,90,100,7.85,light rain,2021-05-07 15:20:54
599,Colares,PT,38.7992,-9.4469,71.01,68,20,13.8,few clouds,2021-05-07 15:20:54
600,Man,CI,7.4125,-7.5538,90.81,44,100,3.65,overcast clouds,2021-05-07 15:20:54
601,Gavle,SE,60.6745,17.1417,46.0,34,74,1.99,broken clouds,2021-05-07 15:20:55
602,Porbandar,IN,21.6422,69.6093,84.78,73,0,16.91,clear sky,2021-05-07 15:20:55
603,Coquimbo,CL,-29.9533,-71.3436,64.4,59,75,5.75,broken clouds,2021-05-07 15:20:55
604,Ust-Nera,RU,64.5667,143.2,32.79,97,100,3.71,overcast clouds,2021-05-07 15:20:56
605,Padang,ID,-0.9492,100.3543,79.43,87,99,2.84,overcast clouds,2021-05-07 15:20:56
606,Bonavista,CA,48.6499,-53.1147,41.0,93,100,1.14,overcast clouds,2021-05-07 15:20:56
607,Khairpur Nathan Shah,PK,27.0936,67.7337,98.76,16,57,5.93,broken clouds,2021-05-07 15:20:57
608,Broken Hill,AU,-31.95,141.4333,66.2,37,90,6.91,overcast clouds,2021-05-07 15:20:57
609,Hervey Bay,AU,-25.2986,152.8535,64.99,78,58,1.01,broken clouds,2021-05-07 15:20:57
610,Kismayo,SO,-0.3582,42.5454,79.86,80,100,14.9,light rain,2021-05-07 15:20:58
611,Castrillon,ES,43.3979,-6.7922,71.01,56,20,3.44,few clouds,2021-05-07 15:20:58
612,Luau,AO,-10.7073,22.2247,81.05,54,13,3.31,few clouds,2021-05-07 15:20:58
613,Sinnamary,GF,5.3833,-52.95,77.29,86,100,5.48,light rain,2021-05-07 15:20:58
614,Oranjemund,NA,-28.55,16.4333,62.08,83,0,14.34,clear sky,2021-05-07 15:20:59
615,Marfino,RU,55.7028,37.3822,59.0,30,0,13.42,clear sky,2021-05-07 15:20:59
616,Labuhan,ID,-6.8844,112.2051,79.63,80,61,1.39,broken clouds,2021-05-07 15:20:59
617,Khasan,RU,42.4308,130.6434,50.65,63,84,14.58,broken clouds,2021-05-07 15:21:00
618,Quatre Cocos,MU,-20.2078,57.7625,73.99,83,40,3.44,scattered clouds,2021-05-07 15:21:00
619,Virginia Beach,US,36.8529,-75.978,64.4,42,75,6.91,broken clouds,2021-05-07 15:16:47
620,Chimbote,PE,-9.0853,-78.5783,66.99,81,96,6.49,overcast clouds,2021-05-07 15:21:00
621,Ornskoldsvik,SE,63.2909,18.7153,42.8,33,0,11.5,clear sky,2021-05-07 15:21:01
622,Puta,AZ,40.2967,49.6603,59.0,82,90,6.91,overcast clouds,2021-05-07 15:21:01
623,Pitimbu,BR,-7.4706,-34.8086,84.2,74,75,10.36,broken clouds,2021-05-07 15:21:01
624,Walvis Bay,NA,-22.9575,14.5053,62.01,85,1,11.99,clear sky,2021-05-07 15:21:02
625,Zalesovo,RU,53.9939,84.7431,51.17,54,100,5.46,overcast clouds,2021-05-07 15:21:02
626,Ust-Ilimsk,RU,58.0006,102.6619,32.25,91,11,5.68,few clouds,2021-05-07 15:21:03
627,Kinsale,IE,51.7075,-8.5306,51.01,46,75,20.71,broken clouds,2021-05-07 15:21:03
628,Tinskoy,RU,56.1525,96.9161,45.32,93,100,6.26,light rain,2021-05-07 15:21:03
629,Excelsior Springs,US,39.3392,-94.2261,64.4,32,40,8.05,scattered clouds,2021-05-07 15:21:04
630,Inverell,AU,-29.7833,151.1167,55.99,100,70,1.61,broken clouds,2021-05-07 15:21:04
631,Varberg,SE,57.1056,12.2508,51.01,66,75,5.75,broken clouds,2021-05-07 15:21:04
632,Mumford,GH,5.2618,-0.759,83.77,72,100,15.46,overcast clouds,2021-05-07 15:21:04
633,Tocopilla,CL,-22.092,-70.1979,69.33,67,56,5.88,broken clouds,2021-05-07 15:21:05
634,Gangakher,IN,18.95,76.75,92.44,33,90,5.41,overcast clouds,2021-05-07 15:21:05
635,Alofi,NU,-19.0595,-169.9187,75.2,94,47,14.97,light rain,2021-05-07 15:16:05
636,Jamame,SO,0.0722,42.7506,78.51,83,100,10.49,overcast clouds,2021-05-07 15:21:05
637,Macusani,PE,-14.0833,-70.4333,47.17,56,74,6.11,broken clouds,2021-05-07 15:21:06
638,Taoudenni,ML,22.6783,-3.9836,102.11,6,0,4.45,clear sky,2021-05-07 15:21:06
639,Verkhoyansk,RU,67.5447,133.385,33.06,98,100,2.39,overcast clouds,2021-05-07 15:21:06
640,Belmonte,BR,-15.8631,-38.8828,82.4,69,40,12.66,scattered clouds,2021-05-07 15:21:07
641,Shar,KZ,49.5886,81.0453,53.37,75,97,3.13,overcast clouds,2021-05-07 15:21:07
642,Rio Grande,BR,-32.035,-52.0986,64.99,63,20,11.5,few clouds,2021-05-07 15:21:07
643,Muncar,ID,-8.4333,114.3333,75.04,84,66,0.94,broken clouds,2021-05-07 15:21:08
644,Moshny,UA,49.5147,31.7476,59.14,65,100,10.98,overcast clouds,2021-05-07 15:21:08
645,Tarakan,ID,3.3,117.6333,78.8,94,40,2.3,scattered clouds,2021-05-07 15:21:08
646,Vallenar,CL,-28.5708,-70.7581,66.42,41,100,3.85,overcast clouds,2021-05-07 15:21:08
647,Beyneu,KZ,45.3167,55.2,64.44,43,51,5.12,broken clouds,2021-05-07 15:21:09
648,Helena,US,46.5927,-112.0361,61.0,44,40,1.48,scattered clouds,2021-05-07 15:17:04
649,Anloga,GH,5.7947,0.8973,89.6,70,20,13.8,few clouds,2021-05-07 15:21:09
650,Isangel,VU,-19.55,169.2667,78.8,83,20,9.22,few clouds,2021-05-07 15:21:10
651,Askarovo,RU,53.3372,58.5089,64.4,25,20,11.18,few clouds,2021-05-07 15:21:10
652,Athabasca,CA,54.7169,-113.2854,53.6,34,100,14.97,overcast clouds,2021-05-07 15:21:10
653,Manbij,SY,36.5281,37.9549,80.6,21,0,9.22,clear sky,2021-05-07 15:21:10
654,Mayo,US,38.8876,-76.5119,64.0,55,1,10.36,clear sky,2021-05-07 15:21:11
655,Beringovskiy,RU,63.05,179.3167,26.87,93,100,5.84,overcast clouds,2021-05-07 15:21:11
656,Ludvika,SE,60.1496,15.1878,45.0,52,75,6.91,broken clouds,2021-05-07 15:21:11
657,Saint-Louis,SN,16.3333,-15.0,107.6,12,0,7.56,clear sky,2021-05-07 15:21:12
658,Rio Hato,PA,8.3833,-80.1667,88.0,74,75,6.91,broken clouds,2021-05-07 15:21:12
